,Model Name,Accuracy_Test,Accuracy_Train,Precision_Test,Precision_Train,Recall_Test,Recall_Train,F1_Score_Test,F1_Score_Train
0,Normal,0.7250729507937679,0.842431552666786,0.7275054463418051,0.8500590243433482,0.7250729507937679,0.842431552666786,0.7213945055658144,0.8421720290765037
1,Random Oversampling,0.7158922119102047,0.8878907458991024,0.7233150100500291,0.8903499446675412,0.7158922119102047,0.8878907458991024,0.7170356838384321,0.8885743003822578
2,SMOTE Oversampling,0.7138643378596184,0.945076988548437,0.7179807629809033,0.9451890710942134,0.7138643378596184,0.945076988548437,0.713848734832689,0.9451196832534305
3,Random Undersampling,0.7127476903304645,0.8301219408203292,0.7231927557518618,0.8347311735496322,0.7127476903304645,0.8301219408203292,0.7149348285486036,0.8313933894485643
4,Near Miss Undersampling,0.692094978246442,0.9467490348667488,0.6936915836342203,0.9470117359744653,0.692094978246442,0.9467490348667488,0.6925066293402139,0.9468303513880252
