,Model Name,Accuracy_Test,Accuracy_Train,Precision_Test,Precision_Train,Recall_Test,Recall_Train,F1_Score_Test,F1_Score_Train
0,Normal,0.7311460385348741,0.7498551518535296,0.7378791081680737,0.7579028161317946,0.7311460385348741,0.7498551518535296,0.7294332034145107,0.7486655355099612
1,Random Oversampling,0.7227606476555669,0.7356110724233983,0.7330739526050846,0.7469237879796466,0.7227606476555669,0.7356110724233983,0.722238795528278,0.734456437558851
2,SMOTE Oversampling,0.6973305803406828,0.9450740869699783,0.7017481963491771,0.945180446528756,0.6973305803406828,0.9450740869699783,0.6992225085042165,0.945116209456553
3,Random Undersampling,0.7213648382441245,0.7031909269207811,0.7334194685187303,0.7158041271887328,0.7213648382441245,0.7031909269207811,0.7202063814936178,0.7009214185893995
4,Near Miss Undersampling,0.6768622204430773,0.9467642788272821,0.6765009624087687,0.9470217787007479,0.6768622204430773,0.9467642788272821,0.6762331479278431,0.9468400497693297
