,Model Name,Accuracy_Test,Accuracy_Train,Precision_Test,Precision_Train,Recall_Test,Recall_Train,F1_Score_Test,F1_Score_Train
0,Normal,0.725741885870195,0.8423718576730892,0.7286411062406165,0.8500143551433224,0.725741885870195,0.8423718576730892,0.7218927159523404,0.8420961153346886
1,Random Oversampling,0.7160291592486858,0.8891355230578768,0.722764663521302,0.8913988884951124,0.7160291592486858,0.8891355230578768,0.7168008876047801,0.8897844846391597
2,Random Undersampling,0.7124579940375235,0.8301799266649612,0.7237545712820311,0.835038138550295,0.7124579940375235,0.8301799266649612,0.7141278784626587,0.83148754737728
