,Model Name,Accuracy_Test,Accuracy_Train,Precision_Test,Precision_Train,Recall_Test,Recall_Train,F1_Score_Test,F1_Score_Train
0,Normal,0.7357340807457328,0.764207358678727,0.7413565569624573,0.7723219275308976,0.7357340807457328,0.764207358678727,0.7333440863910283,0.7627829135003604
1,Random Oversampling,0.7286221158489219,0.7676787993656442,0.738045009674639,0.7769083771894452,0.7286221158489219,0.7676787993656442,0.7292478254927861,0.7679764315719413
2,Random Undersampling,0.7239455396695429,0.7230092537767928,0.7361229803724673,0.7350231505140224,0.7239455396695429,0.7230092537767928,0.7239730062255633,0.7225323905849294
