,Model Name,Accuracy_Test,Accuracy_Train,Precision_Test,Precision_Train,Recall_Test,Recall_Train,F1_Score_Test,F1_Score_Train
0,Normal,0.7737450399949612,0.996336406739332,0.7751407887549416,0.9963367038003861,0.7737450399949612,0.996336406739332,0.773801438210945,0.9963364319666969
1,Random Oversampling,0.769378136087842,0.9966618961049007,0.7726238653535656,0.9966636533521986,0.769378136087842,0.9966618961049007,0.7707180105256708,0.9966621675487065
2,SMOTE Oversampling,0.7732989019756041,0.9975718485282172,0.7765925455146956,0.9975720919676401,0.7732989019756041,0.9975718485282172,0.7745549247478187,0.9975719527011426
3,Random Undersampling,0.7617255568852218,0.9971375886044899,0.7710189999804571,0.997138394193754,0.7617255568852218,0.9971375886044899,0.7648572881384544,0.9971378873251845
4,Near Miss Undersampling,0.7017698557662027,0.9990077005715973,0.7001136605036795,0.999007665313543,0.7017698557662027,0.9990077005715973,0.6984367130363158,0.9990076323430759
