,Model Name,Accuracy_Test,Accuracy_Train,Precision_Test,Precision_Train,Recall_Test,Recall_Train,F1_Score_Test,F1_Score_Train
0,Normal,0.7311460385348741,0.7498551518535296,0.7378791081680737,0.7579028161317946,0.7311460385348741,0.7498551518535296,0.7294332034145107,0.7486655355099612
1,Random Oversampling,0.7227606476555669,0.7356110724233983,0.7330739526050846,0.7469237879796466,0.7227606476555669,0.7356110724233983,0.722238795528278,0.734456437558851
2,Random Undersampling,0.7213648382441245,0.7031909269207811,0.7334194685187303,0.7158041271887328,0.7213648382441245,0.7031909269207811,0.7202063814936178,0.7009214185893995
