,Model Name,Accuracy_Test,Accuracy_Train,Precision_Test,Precision_Train,Recall_Test,Recall_Train,F1_Score_Test,F1_Score_Train
0,Normal,0.7341857193844346,0.7659954161345067,0.7425879578932582,0.7763301754924231,0.7341857193844346,0.7659954161345067,0.7325202041740945,0.7648895919641415
1,Random Oversampling,0.7285538829753732,0.7747563145476347,0.7415045815318274,0.7850018679587533,0.7285538829753732,0.7747563145476347,0.7313228387188682,0.7761678475136815
2,Random Undersampling,0.7240085238605111,0.7270152763445044,0.7406167415736901,0.7420383117077152,0.7240085238605111,0.7270152763445044,0.7273670314197133,0.7292573402151434
