,Model Name,Accuracy_Test,Accuracy_Train,Precision_Test,Precision_Train,Recall_Test,Recall_Train,F1_Score_Test,F1_Score_Train
0,Normal,0.7135321534294892,0.7140385254649474,0.7170654211751311,0.7184318809310771,0.7135321534294892,0.7140385254649474,0.6985040448198647,0.6994400705835413
1,Random Oversampling,0.7134954126514245,0.6624182880129965,0.7192384769798824,0.6665841278279837,0.7134954126514245,0.6624182880129965,0.708035120578022,0.6554701136465843
2,SMOTE Oversampling,0.7165396485482144,0.6616166402351759,0.7226463929180417,0.6637112710073,0.7165396485482144,0.6616166402351759,0.7143154847590685,0.6588821277612578
3,Random Undersampling,0.7138943125275555,0.6628952310060733,0.7206992163736479,0.6686162049925796,0.7138943125275555,0.6628952310060733,0.7084307193188071,0.655996639013237
4,Near Miss Undersampling,0.6939125779429364,0.7410426524737779,0.6987613027851356,0.7145358371018508,0.6939125779429364,0.7410426524737779,0.6702355099904088,0.7075672398849672
