,Model Name,Accuracy_Test,Accuracy_Train,Precision_Test,Precision_Train,Recall_Test,Recall_Train,F1_Score_Test,F1_Score_Train
0,Normal,0.7366998383405765,0.7809069755235579,0.741626134353135,0.7895349594584161,0.7366998383405765,0.7809069755235579,0.7338550235024999,0.7794405223315455
1,Random Oversampling,0.7298450588902186,0.8042277491973853,0.7381827694330882,0.8125179127585288,0.7298450588902186,0.8042277491973853,0.7307659238917352,0.8050647314203466
2,Random Undersampling,0.7255358904914866,0.7468220804926325,0.7369496555970418,0.7581607906067493,0.7255358904914866,0.7468220804926325,0.7260686078187206,0.7470677971917427
