,Model Name,Accuracy_Test,Accuracy_Train,Precision_Test,Precision_Train,Recall_Test,Recall_Train,F1_Score_Test,F1_Score_Train
0,Normal,0.7621507001742562,0.7773728502195707,0.7666824447583765,0.7831211030518272,0.7621507001742562,0.7773728502195707,0.7593281252317997,0.7751118884095594
1,Random Oversampling,0.7655361004387898,0.7785102309209763,0.7738954422799265,0.7837436977666923,0.7655361004387898,0.7785102309209763,0.7674412617156412,0.7789526123668151
2,Random Undersampling,0.7518160441729126,0.7382652974911607,0.7620062188010117,0.746146004313921,0.7518160441729126,0.7382652974911607,0.7534608635806508,0.7386168984782332
