,Model Name,Accuracy_Test,Accuracy_Train,Precision_Test,Precision_Train,Recall_Test,Recall_Train,F1_Score_Test,F1_Score_Train
0,Normal,0.7811089416556445,0.886607064751474,0.7830292710516067,0.8902756459803433,0.7811089416556445,0.886607064751474,0.7796705596971197,0.8865775261656597
1,Random Oversampling,0.776631815414331,0.9549481684910842,0.7811850434870969,0.955648809200983,0.776631815414331,0.9549481684910842,0.7783932727647923,0.9551652496917311
2,Random Undersampling,0.7700289727278453,0.9208641369626634,0.778318410043244,0.9219786304291251,0.7700289727278453,0.9208641369626634,0.7726955726253762,0.9211751701975722
