,Model Name,Accuracy_Test,Accuracy_Train,Precision_Test,Precision_Train,Recall_Test,Recall_Train,F1_Score_Test,F1_Score_Train
0,Normal,0.7351252335663748,0.7645852651468762,0.7408286969442244,0.7727463264515447,0.7351252335663748,0.7645852651468762,0.7327803877762807,0.7631483800637263
1,Random Oversampling,0.729278201171506,0.7692376126561714,0.7385715060959174,0.7786370942914149,0.729278201171506,0.7692376126561714,0.7297538775295086,0.7693908302486286
2,Random Undersampling,0.7243024500850287,0.7242408350391636,0.7363267855129285,0.7363014849625676,0.7243024500850287,0.7242408350391636,0.7241670030852677,0.7235263654290963
